,one,two,three
0,LEU,B,36
1,PHE,B,37
2,GLY,B,38
3,LEU,B,39
4,LEU,B,40
5,TYR,B,47
6,GLU,B,48
7,ALA,B,50
8,PHE,B,51
9,ILE,B,52
10,TYR,B,56
11,TRP,B,60
12,ARG,B,61
13,GLU,B,62
14,TYR,B,64
15,ASP,B,65
16,ALA,B,70
17,ASP,B,73
18,PRO,B,74
19,THR,B,75
20,VAL,B,76
21,SER,B,77
22,CYS,B,79
23,THR,B,80
24,TRP,B,88
25,ILE,B,92
26,TYR,B,93
27,PHE,B,101
28,PHE,B,102
29,ALA,B,105
30,SER,B,106
31,LEU,B,110
32,LEU,B,114
33,THR,B,115
34,LEU,B,118
35,LEU,B,125
36,GLY,B,126
37,ALA,B,127
38,LEU,B,128
39,SER,B,129
40,LEU,B,130
