,0,1,2
0,ASN,ALA,PHE
1,ALA,PHE,HIS
2,PHE,HIS,PHE
3,HIS,PHE,THR
4,PHE,THR,LYS
5,THR,LYS,ILE
6,LYS,ILE,ILE
7,ILE,ILE,THR
8,ILE,THR,ALA
9,THR,ALA,ARG
10,ALA,ARG,MET
11,ARG,MET,ILE
12,MET,ILE,MET
13,ILE,MET,SER
14,MET,SER,LEU
15,SER,LEU,ARG
16,LEU,ARG,ALA
17,ARG,ALA,ALA
18,ALA,ALA,ARG
19,ALA,ARG,LEU
20,ARG,LEU,THR
21,LEU,THR,LEU
22,THR,LEU,ASN
23,LEU,ASN,GLY
24,ASN,GLY,LEU
25,GLY,LEU,GLY
26,LEU,GLY,GLY
27,GLY,GLY,LEU
28,GLY,LEU,ILE
29,LEU,ILE,HIS
30,ILE,HIS,PHE
31,HIS,PHE,MET
32,PHE,MET,PHE
33,MET,PHE,PHE
